종목코드,종목명,시장구분,업종명,종가,대비,등락률,시가총액
"095570","AJ네트웍스","KOSPI","일반서비스","5150","-50","-0.96","233051708850"
"006840","AK홀딩스","KOSPI","기타금융","8480","290","3.54","112339317280"
"027410","BGF","KOSPI","기타금융","4695","215","4.80","449390333745"
"282330","BGF리테일","KOSPI","유통","138700","8400","6.45","2397277762200"
"138930","BNK금융지주","KOSPI","기타금융","18250","-430","-2.30","5663468352250"
"001460","BYC","KOSPI","섬유·의류","48950","-2550","-4.95","305749042500"
"001465","BYC우","KOSPI","섬유·의류","29450","0","0.00","63430882500"
"001040","CJ","KOSPI","기타금융","198600","-7900","-3.83","5794551802800"
"079160","CJ CGV","KOSPI","오락·문화","4615","-150","-3.15","764162619090"
"00104K","CJ4우(전환)","KOSPI","기타금융","176000","-5000","-2.76","743866112000"
"000120","CJ대한통운","KOSPI","운송·창고","105300","-2900","-2.68","2402139823200"
"011150","CJ씨푸드","KOSPI","음식료·담배","2680","-40","-1.47","96294471640"
"011155","CJ씨푸드1우","KOSPI","음식료·담배","12380","-240","-1.90","2476000000"
"001045","CJ우","KOSPI","기타금융","86600","-4200","-4.63","195735311800"
"097950","CJ제일제당","KOSPI","음식료·담배","217500","3000","1.40","3274285455000"
"097955","CJ제일제당 우","KOSPI","음식료·담배","130000","-100","-0.08","172566290000"
"000480","CR홀딩스","KOSPI","비금속","4840","-95","-1.93","226949971600"
"000590","CS홀딩스","KOSPI","기타금융","75700","-2200","-2.82","87394287400"
"012030","DB","KOSPI","IT 서비스","1645","-62","-3.63","330931119785"
"005830","DB손해보험","KOSPI","보험","164200","-8700","-5.03","11392852800000"
"016610","DB증권","KOSPI","증권","12540","-1010","-7.45","532277718060"
"000990","DB하이텍","KOSPI","전기·전자","80800","-3000","-3.58","3515170710400"
"000300","DH오토넥스","KOSPI","운송장비·부품","4200","0","0.00","174035631000"
"001530","DI동일","KOSPI","유통","21000","500","2.44","414314880000"
"015590","DKME","KOSPI","기계·장비","515","0","0.00","122045495160"
"000210","DL","KOSPI","화학","62500","-100","-0.16","1309742750000"
"000215","DL우","KOSPI","화학","27450","-550","-1.96","46283856750"
"375500","DL이앤씨","KOSPI","건설","69200","3400","5.17","2677598711600"
"37550L","DL이앤씨2우(전환)","KOSPI","건설","44500","1350","3.13","93981819500"
"37550K","DL이앤씨우","KOSPI","건설","29200","650","2.28","61725442000"
"007340","DN오토모티브","KOSPI","전기·전자","37950","-2800","-6.87","2220487326750"
"004840","DRB동일","KOSPI","화학","5170","-250","-4.61","103038100000"
"155660","DSR","KOSPI","금속","4185","-35","-0.83","66960000000"
"069730","DSR제강","KOSPI","금속","4935","155","3.24","71064000000"
"017860","DS단석","KOSPI","화학","20300","800","4.10","356959503600"
"092780","DYP","KOSPI","운송장비·부품","4330","-145","-3.24","57019431800"
"017940","E1","KOSPI","유통","101700","200","0.20","697662000000"
"365550","ESR켄달스퀘어리츠","KOSPI","부동산","4355","20","0.46","1071717595000"
"383220","F&F","KOSPI","섬유·의류","63400","-1600","-2.46","2428668555000"
"007700","F&F홀딩스","KOSPI","기타금융","18530","-610","-3.19","724789220510"
"114090","GKL","KOSPI","오락·문화","11520","-360","-3.03","712577318400"
"078930","GS","KOSPI","기타금융","65900","-2000","-2.95","6123123410200"
"006360","GS건설","KOSPI","건설","25850","-500","-1.90","2212281516500"
"001250","GS글로벌","KOSPI","유통","2570","-15","-0.58","212111773480"
"007070","GS리테일","KOSPI","유통","22100","850","4.00","1847723871500"
"078935","GS우","KOSPI","기타금융","52600","-400","-0.75","93881847600"
"499790","GS피앤엘","KOSPI","기타금융","43550","-4450","-9.27","863633125550"
"012630","HDC","KOSPI","기타금융","28750","200","0.70","1717574478750"
"039570","HDC랩스","KOSPI","건설","8180","-440","-5.10","212333176180"
"089470","HDC현대EP","KOSPI","화학","5000","-320","-6.02","159500000000"
"294870","HDC현대산업개발","KOSPI","건설","21450","-800","-3.60","1413712228500"
"267270","HD건설기계","KOSPI","기계·장비","125900","-4200","-3.23","6039941456200"
"009540","HD한국조선해양","KOSPI","기타금융","347000","-20000","-5.45","24558271252000"
"267250","HD현대","KOSPI","기타금융","246000","-11500","-4.47","19432298910000"
"443060","HD현대마린솔루션","KOSPI","일반서비스","178300","-5600","-3.05","7993427030500"
"071970","HD현대마린엔진","KOSPI","기계·장비","71000","-5700","-7.43","2408426145000"
"322000","HD현대에너지솔루션","KOSPI","전기·전자","135100","11900","9.66","1513120000000"
"267260","HD현대일렉트릭","KOSPI","전기·전자","872000","-43000","-4.70","31433101720000"
"329180","HD현대중공업","KOSPI","운송장비·부품","480000","-18500","-3.71","50381388000000"
"097230","HJ중공업","KOSPI","건설","22550","-2000","-8.15","2036160007200"
"014790","HL D&I","KOSPI","건설","3335","10","0.30","126258434335"
"003580","HLB글로벌","KOSPI","유통","2035","-20","-0.97","103100232675"
"204320","HL만도","KOSPI","운송장비·부품","49750","-1450","-2.83","2336116720000"
"060980","HL홀딩스","KOSPI","기타금융","43450","-1800","-3.98","394475902150"
"011200","HMM","KOSPI","운송·창고","19550","-110","-0.56","18440302313500"
"035000","HS애드","KOSPI","일반서비스","8180","-480","-5.54","132578527920"
"002460","HS화성","KOSPI","건설","11850","-460","-3.74","120277500000"
"487570","HS효성","KOSPI","기타금융","54900","-1100","-1.96","204553392300"
"298050","HS효성첨단소재","KOSPI","화학","221500","-4500","-1.99","992308482000"
"015360","INVENI","KOSPI","일반서비스","76400","-2300","-2.92","435480000000"
"175330","JB금융지주","KOSPI","기타금융","30150","-950","-3.05","5675845557600"
"234080","JW생명과학","KOSPI","제약","13240","-40","-0.30","209649494960"
"001060","JW중외제약","KOSPI","제약","31100","-950","-2.96","724192423000"
"001067","JW중외제약2우B","KOSPI","제약","56000","0","0.00","11758488000"
"001065","JW중외제약우","KOSPI","제약","26550","-350","-1.30","9078799050"
"096760","JW홀딩스","KOSPI","기타금융","4340","-20","-0.46","320834248280"
"008970","KBI동양철관","KOSPI","금속","1721","13","0.76","178582846947"
"105560","KB금융","KOSPI","기타금융","145900","-6300","-4.14","54398881384500"
"415640","KB발해인프라","KOSPI","기타금융","9950","-10","-0.10","1219328202600"
"432320","KB스타리츠","KOSPI","부동산","2240","-120","-5.08","227167998400"
"002380","KCC","KOSPI","화학","500000","-25000","-4.76","4443235500000"
"344820","KCC글라스","KOSPI","비금속","25100","-250","-0.99","400859851200"
"009070","KCTC","KOSPI","운송·창고","5720","-150","-2.56","171600000000"
"009440","KC그린홀딩스","KOSPI","기타금융","756","0","0.00","17568790596"
"119650","KC코트렐","KOSPI","기계·장비","918","0","0.00","100782913662"
"092220","KEC","KOSPI","전기·전자","1917","114","6.32","384862941297"
"003620","KG모빌리티","KOSPI","운송장비·부품","3355","-85","-2.47","678967829760"
"016380","KG스틸","KOSPI","금속","5370","-310","-5.46","537047776890"
"001390","KG케미칼","KOSPI","화학","5180","-180","-3.36","348267095400"
"001940","KISCO홀딩스","KOSPI","금속","25500","-900","-3.41","361497690000"
"025000","KPX케미칼","KOSPI","화학","49350","-150","-0.30","216089289150"
"092230","KPX홀딩스","KOSPI","화학","80400","-1500","-1.83","339661538400"
"000040","KR모터스","KOSPI","운송장비·부품","403","5","1.26","34809199152"
"044450","KSS해운","KOSPI","운송·창고","10750","250","2.38","248173210000"
"030200","KT","KOSPI","통신","60800","0","0.00","15322918448000"
"033780","KT&G","KOSPI","음식료·담배","157100","-900","-0.57","18015700929500"
"058850","KTcs","KOSPI","IT 서비스","2610","15","0.58","111407850000"
"058860","KTis","KOSPI","IT 서비스","2825","-10","-0.35","98315650000"
"093050","LF","KOSPI","섬유·의류","24550","900","3.81","717842000000"
"003550","LG","KOSPI","기타금융","84800","-4200","-4.72","13077990408000"
"034220","LG디스플레이","KOSPI","전기·전자","11140","-360","-3.13","5570000000000"
"051900","LG생활건강","KOSPI","화학","244000","-3500","-1.41","3733799996000"
"051905","LG생활건강우","KOSPI","화학","108300","-700","-0.64","227397185100"
"064400","LG씨엔에스","KOSPI","IT 서비스","59000","-2100","-3.44","5716270932000"
"373220","LG에너지솔루션","KOSPI","전기·전자","410000","15500","3.93","95940000000000"
"003555","LG우","KOSPI","기타금융","65000","-3700","-5.39","195727935000"
"032640","LG유플러스","KOSPI","통신","15400","-700","-4.35","6619356667000"
"011070","LG이노텍","KOSPI","전기·전자","308000","-12500","-3.90","7289468956000"
"066570","LG전자","KOSPI","전기·전자","108300","-3700","-3.30","17640595712100"
"066575","LG전자우","KOSPI","전기·전자","49350","-1850","-3.61","848128705200"
"037560","LG헬로비전","KOSPI","오락·문화","2270","-10","-0.44","175804383550"
"051910","LG화학","KOSPI","화학","322000","9000","2.88","22730734446000"
"051915","LG화학우","KOSPI","화학","153500","-3000","-1.92","1180230800000"
"079550","LIG넥스원","KOSPI","금속","686000","-49000","-6.67","15092000000000"
"006260","LS","KOSPI","기타금융","261000","-7000","-2.61","8143200000000"
"010120","LS ELECTRIC","KOSPI","전기·전자","775000","-26000","-3.25","23250000000000"
"000680","LS네트웍스","KOSPI","유통","3060","-75","-2.39","241137228960"
"229640","LS에코에너지","KOSPI","기타금융","42050","-2250","-5.08","1287776161950"
"108320","LX세미콘","KOSPI","전기·전자","50300","-1300","-2.52","818094290000"
"001120","LX인터내셔널","KOSPI","유통","46950","550","1.19","1819782000000"
"108670","LX하우시스","KOSPI","화학","28200","-350","-1.23","252888294000"
"108675","LX하우시스우","KOSPI","화학","15390","-110","-0.71","15887558700"
"383800","LX홀딩스","KOSPI","기타금융","8060","-250","-3.01","614822361400"
"38380K","LX홀딩스1우","KOSPI","기타금융","8130","50","0.62","11912767050"
"023150","MH에탄올","KOSPI","음식료·담배","4300","15","0.35","31727661800"
"035420","NAVER","KOSPI","IT 서비스","207000","-5500","-2.59","32468496066000"
"181710","NHN","KOSPI","IT 서비스","41900","50","0.12","1372356524100"
"400760","NH올원리츠","KOSPI","부동산","3200","-30","-0.93","175773680000"
"005940","NH투자증권","KOSPI","증권","30950","-3300","-9.64","11028858220550"
"005945","NH투자증권우","KOSPI","증권","25000","-2150","-7.92","471774200000"
"338100","NH프라임리츠","KOSPI","부동산","4555","-45","-0.98","84996300000"
"034310","NICE","KOSPI","일반서비스","13260","-820","-5.82","487399901820"
"030190","NICE평가정보","KOSPI","IT 서비스","16300","-580","-3.44","960257890100"
"008260","NI스틸","KOSPI","금속","3520","-125","-3.43","100672411840"
"004250","NPC","KOSPI","화학","3905","-110","-2.74","143391600000"
"004255","NPC우","KOSPI","화학","2415","-85","-3.40","12751200000"
"456040","OCI","KOSPI","화학","98000","4200","4.48","877344510000"
"010060","OCI홀딩스","KOSPI","기타금융","190300","11500","6.43","3552945149600"
"178920","PI첨단소재","KOSPI","화학","22150","-2000","-8.28","650464032300"
"001340","PKC","KOSPI","화학","6900","60","0.88","309937008300"
"005490","POSCO홀딩스","KOSPI","금속","343000","0","0.00","27760002536000"
"010950","S-Oil","KOSPI","화학","110100","400","0.36","12395365399200"
"010955","S-Oil우","KOSPI","화학","53000","-900","-1.67","213162131000"
"034120","SBS","KOSPI","오락·문화","15880","-370","-2.28","294593659440"
"003080","SB성보","KOSPI","화학","2620","5","0.19","52452400000"
"005090","SGC에너지","KOSPI","전기·가스","61800","-4700","-7.07","890496779400"
"001380","SG글로벌","KOSPI","운송장비·부품","1340","-1","-0.07","60251951620"
"004060","SG세계물산","KOSPI","유통","530","5","0.95","107285228800"
"001770","SHD","KOSPI","금속","16920","-270","-1.57","20555735760"
"002360","SH에너지화학","KOSPI","화학","433","28","6.91","48120905090"
"009160","SIMPAC","KOSPI","금속","5150","165","3.31","336660485200"
"033530","SJG세종","KOSPI","운송장비·부품","7430","-270","-3.51","206709740230"
"123700","SJM","KOSPI","운송장비·부품","3505","-115","-3.18","54695167490"
"025530","SJM홀딩스","KOSPI","유통","3555","-90","-2.47","53090398440"
"034730","SK","KOSPI","기타금융","324500","-9500","-2.84","23527127123500"
"011790","SKC","KOSPI","화학","96000","-2700","-2.74","3635356608000"
"018670","SK가스","KOSPI","유통","261000","14500","5.88","2413008684000"
"001740","SK네트웍스","KOSPI","유통","5200","-160","-2.99","1150645090400"
"006120","SK디스커버리","KOSPI","기타금융","52200","-1900","-3.51","908997802200"
"006125","SK디스커버리우","KOSPI","기타금융","39000","-1100","-2.74","48036495000"
"210980","SK디앤디","KOSPI","부동산","12890","-90","-0.69","239978053980"
"395400","SK리츠","KOSPI","부동산","6280","-210","-3.24","1890390653600"
"302440","SK바이오사이언스","KOSPI","제약","42300","-900","-2.08","3317787852300"
"326030","SK바이오팜","KOSPI","일반서비스","97400","-2900","-2.89","7627710550000"
"402340","SK스퀘어","KOSPI","기타금융","510000","-34000","-6.25","67364428650000"
"361610","SK아이이테크놀로지","KOSPI","전기·전자","22100","450","2.08","1807494910000"
"100090","SK오션플랜트","KOSPI","금속","27800","950","3.54","1736891986200"
"03473K","SK우","KOSPI","기타금융","247500","-5000","-1.98","140118412500"
"096770","SK이노베이션","KOSPI","화학","113400","2000","1.80","19170586159200"
"096775","SK이노베이션우","KOSPI","화학","69200","100","0.14","86391079200"
"475150","SK이터닉스","KOSPI","건설","57900","5500","10.50","1954359031800"
"001510","SK증권","KOSPI","증권","1999","-71","-3.43","944707751829"
"001515","SK증권우","KOSPI","증권","4970","-510","-9.31","19445194580"
"285130","SK케미칼","KOSPI","화학","52800","-2200","-4.00","913374844800"
"28513K","SK케미칼우","KOSPI","화학","25800","-1100","-4.09","54578068200"
"017670","SK텔레콤","KOSPI","통신","78300","-1600","-2.00","16818061149900"
"000660","SK하이닉스","KOSPI","전기·전자","873000","-49000","-5.31","622189164645000"
"003570","SNT다이내믹스","KOSPI","운송장비·부품","49750","50","0.10","1654321675750"
"064960","SNT모티브","KOSPI","운송장비·부품","33000","-800","-2.37","875828976000"
"100840","SNT에너지","KOSPI","기계·장비","51000","2800","5.81","1054719933000"
"036530","SNT홀딩스","KOSPI","기타금융","59400","-2800","-4.50","968450828400"
"005610","SPC삼립","KOSPI","음식료·담배","49750","-1050","-2.07","429293197750"
"011810","STX","KOSPI","유통","3530","0","0.00","109493282310"
"465770","STX그린로지스","KOSPI","운송·창고","6050","50","0.83","43384743600"
"077970","STX엔진","KOSPI","기계·장비","31600","-1900","-5.67","1268678790800"
"002820","SUN&L","KOSPI","종이·목재","2335","0","0.00","29439654315"
"084870","TBH글로벌","KOSPI","섬유·의류","2365","25","1.07","49326376935"
"002710","TCC스틸","KOSPI","금속","13380","-180","-1.33","350739265860"
"069260","TKG휴켐스","KOSPI","화학","17970","-230","-1.26","734588226360"
"007980","TP","KOSPI","섬유·의류","1791","-74","-3.97","91654657830"
"002900","TYM","KOSPI","기계·장비","6650","-180","-2.64","275310000000"
"024070","WISCOM","KOSPI","화학","2045","10","0.49","31342565710"
"037270","YG PLUS","KOSPI","IT 서비스","5260","-300","-5.40","334867958600"
"139130","iM금융지주","KOSPI","기타금융","16830","-840","-4.75","2703311731890"
"000500","가온전선","KOSPI","전기·전자","104200","-5100","-4.67","1723792583000"
"000860","강남제비스코","KOSPI","화학","14300","-730","-4.86","185900000000"
"035250","강원랜드","KOSPI","오락·문화","17990","-270","-1.48","3848789595000"
"011420","갤럭시아에스엠","KOSPI","오락·문화","1780","-17","-0.95","49038366320"
"002100","경농","KOSPI","화학","9470","-10","-0.11","184878785250"
"009450","경동나비엔","KOSPI","전기·전자","60100","-2000","-3.22","875572379200"
"267290","경동도시가스","KOSPI","전기·가스","21700","-400","-1.81","127930310200"
"012320","경동인베스트","KOSPI","기타금융","57100","0","0.00","135042813300"
"000050","경방","KOSPI","유통","9430","-60","-0.63","258525996100"
"214390","경보제약","KOSPI","제약","8400","350","4.35","200817624000"
"012610","경인양행","KOSPI","화학","4010","60","1.52","166881623650"
"009140","경인전자","KOSPI","전기·전자","22300","-300","-1.33","35028773100"
"013580","계룡건설","KOSPI","건설","25050","-350","-1.38","223719220350"
"012200","계양전기","KOSPI","기계·장비","5850","-210","-3.47","159253549650"
"012205","계양전기우","KOSPI","기계·장비","5390","-10","-0.19","6301335810"
"002140","고려산업","KOSPI","음식료·담배","2775","55","2.02","69206904375"
"010130","고려아연","KOSPI","금속","1478000","-5000","-0.34","30850248182000"
"002240","고려제강","KOSPI","금속","21600","200","0.93","583200000000"
"009290","광동제약","KOSPI","제약","8690","-190","-2.14","432760331520"
"017040","광명전기","KOSPI","전기·전자","930","-95","-9.27","40303981950"
"017900","광전자","KOSPI","전기·전자","3115","-135","-4.15","180494821745"
"037710","광주신세계","KOSPI","유통","36700","-2200","-5.66","292028873000"
"030610","교보증권","KOSPI","증권","11950","-1090","-8.36","1361857383950"
"339770","교촌에프앤비","KOSPI","유통","4085","-70","-1.68","204107351800"
"007690","국도화학","KOSPI","화학","36150","-700","-1.90","334779076800"
"002720","국제약품","KOSPI","제약","4950","-180","-3.51","104741168400"
"083420","그린케미칼","KOSPI","화학","5970","230","4.01","143280000000"
"014530","극동유화","KOSPI","화학","3800","25","0.66","132503796000"
"014280","금강공업","KOSPI","금속","4815","-90","-1.83","141220853955"
"014285","금강공업우","KOSPI","금속","6790","-120","-1.74","4005251250"
"008870","금비","KOSPI","비금속","45000","-600","-1.32","45000000000"
"001570","금양","KOSPI","화학","9900","0","0.00","633275240400"
"002990","금호건설","KOSPI","건설","4865","-185","-3.66","179989237400"
"002995","금호건설우","KOSPI","건설","13860","-80","-0.57","4050806760"
"011780","금호석유화학","KOSPI","화학","120400","-6100","-4.82","3134221736800"
"011785","금호석유화학우","KOSPI","화학","56500","-1700","-2.92","170826959000"
"214330","금호에이치티","KOSPI","운송장비·부품","433","-40","-8.46","94414138830"
"001210","금호전기","KOSPI","전기·전자","775","-7","-0.90","47957064325"
"073240","금호타이어","KOSPI","화학","5980","-270","-4.32","1717816516260"
"092440","기신정기","KOSPI","기계·장비","2250","-70","-3.02","65700000000"
"000270","기아","KOSPI","운송장비·부품","151500","-4300","-2.76","59147569197000"
"024110","기업은행","KOSPI","은행","22000","-1550","-6.58","17543369118000"
"013700","까뮤이앤씨","KOSPI","건설","1310","51","4.05","78273587300"
"004540","깨끗한나라","KOSPI","종이·목재","2040","-75","-3.55","75971013720"
"004545","깨끗한나라우","KOSPI","종이·목재","10200","-400","-3.77","3734832000"
"001260","남광토건","KOSPI","건설","8720","-120","-1.36","85740027840"
"008350","남선알미늄","KOSPI","금속","1385","45","3.36","178774539650"
"008355","남선알미우","KOSPI","금속","12810","280","2.23","3944070900"
"004270","남성","KOSPI","유통","749","-6","-0.79","27122907840"
"003920","남양유업","KOSPI","음식료·담배","49650","-1350","-2.65","297900000000"
"003925","남양유업우","KOSPI","음식료·담배","40500","500","1.25","81000000000"
"025860","남해화학","KOSPI","화학","8260","220","2.74","410347243180"
"005720","넥센","KOSPI","화학","6660","-90","-1.33","356602886820"
"005725","넥센우","KOSPI","화학","4380","-115","-2.56","15770628000"
"002350","넥센타이어","KOSPI","화학","7270","-100","-1.36","710045465790"
"002355","넥센타이어1우B","KOSPI","화학","4330","-150","-3.35","28145000000"
"092790","넥스틸","KOSPI","금속","11420","50","0.44","296942840000"
"251270","넷마블","KOSPI","IT 서비스","49750","-2450","-4.69","4077528457250"
"090350","노루페인트","KOSPI","화학","8610","-240","-2.71","172200000000"
"090355","노루페인트우","KOSPI","화학","12730","-560","-4.21","5895593980"
"000320","노루홀딩스","KOSPI","기타금융","21100","-800","-3.65","280443286100"
"000325","노루홀딩스우","KOSPI","기타금융","30800","-100","-0.32","7501617200"
"006280","녹십자","KOSPI","제약","145000","-6000","-3.97","1694548010000"
"005250","녹십자홀딩스","KOSPI","일반서비스","13840","-420","-2.95","650870426400"
"005257","녹십자홀딩스2우","KOSPI","일반서비스","23300","-100","-0.43","19711567000"
"004370","농심","KOSPI","음식료·담배","367000","-8500","-2.26","2232329614000"
"072710","농심홀딩스","KOSPI","기타금융","93800","-2300","-2.39","435024702000"
"058730","다스코","KOSPI","금속","3620","0","0.00","72212560020"
"030210","다올투자증권","KOSPI","증권","4035","-80","-1.94","245776312710"
"023590","다우기술","KOSPI","IT 서비스","44850","-3450","-7.14","2012267772450"
"145210","다이나믹디자인","KOSPI","기계·장비","224","0","0.00","9461013632"
"483650","달바글로벌","KOSPI","화학","148400","-6100","-3.95","1839071486000"
"019680","대교","KOSPI","일반서비스","1605","-33","-2.01","135948074250"
"019685","대교우B","KOSPI","일반서비스","1010","-1","-0.10","19621259900"
"006370","대구백화점","KOSPI","유통","5520","600","12.20","59735292720"
"008060","대덕","KOSPI","기타금융","12820","-1920","-13.03","434471723000"
"00806K","대덕1우","KOSPI","기타금융","10170","-1570","-13.37","12329670690"
"353200","대덕전자","KOSPI","전기·전자","82700","-2700","-3.16","4086779697500"
"35320K","대덕전자1우","KOSPI","전기·전자","18150","-860","-4.52","38033669850"
"000490","대동","KOSPI","기계·장비","9520","-310","-3.15","274431754800"
"005750","대림바스","KOSPI","비금속","5560","-290","-4.96","92697654400"
"006570","대림통상","KOSPI","금속","2015","5","0.25","30678375000"
"001680","대상","KOSPI","음식료·담배","20000","-1000","-4.76","692960500000"
"001685","대상우","KOSPI","음식료·담배","16270","-690","-4.07","22293528210"
"084690","대상홀딩스","KOSPI","기타금융","9190","-260","-2.75","332793224220"
"084695","대상홀딩스우","KOSPI","기타금융","14550","-250","-1.69","13291163100"
"128820","대성산업","KOSPI","유통","6640","-400","-5.68","300363573920"
"117580","대성에너지","KOSPI","전기·가스","9760","-70","-0.71","268400000000"
"016710","대성홀딩스","KOSPI","일반서비스","8550","-90","-1.04","137564874450"
"0030R0","대신밸류리츠","KOSPI","기타금융","4290","5","0.12","256456200000"
"003540","대신증권","KOSPI","증권","36100","-1750","-4.62","1832919740000"
"003547","대신증권2우B","KOSPI","증권","22850","-850","-3.59","228500000000"
"003545","대신증권우","KOSPI","증권","24100","-650","-2.63","626600000000"
"009190","대양금속","KOSPI","금속","1230","-41","-3.23","53126928750"
"014160","대영포장","KOSPI","종이·목재","1327","27","2.08","143839566523"
"047040","대우건설","KOSPI","건설","17340","80","0.46","7206896542920"
"003090","대웅","KOSPI","제약","24150","-700","-2.82","1404128817000"
"069620","대웅제약","KOSPI","제약","162400","-4600","-2.75","1881659780000"
"000430","대원강업","KOSPI","운송장비·부품","3950","-20","-0.50","244900000000"
"006340","대원전선","KOSPI","전기·전자","5070","-200","-3.80","397561089120"
"006345","대원전선우","KOSPI","전기·전자","3680","-50","-1.34","9646016000"
"003220","대원제약","KOSPI","제약","10450","-70","-0.67","234368242350"
"024890","대원화성","KOSPI","화학","778","-7","-0.89","32091840256"
"002880","대유에이텍","KOSPI","운송장비·부품","931","5","0.54","43546589345"
"012800","대창","KOSPI","금속","1299","-22","-1.67","118391508201"
"015230","대창단조","KOSPI","운송장비·부품","6740","-50","-0.74","192576830200"
"001070","대한방직","KOSPI","섬유·의류","6870","10","0.15","36411000000"
"006650","대한유화","KOSPI","화학","128100","-5300","-3.97","832650000000"
"001440","대한전선","KOSPI","전기·전자","27800","-450","-1.59","5183234940000"
"084010","대한제강","KOSPI","금속","10590","60","0.57","363995201640"
"001790","대한제당","KOSPI","음식료·담배","2915","-10","-0.34","261465530700"
"001795","대한제당우","KOSPI","음식료·담배","2400","-5","-0.21","15558624000"
"001130","대한제분","KOSPI","음식료·담배","146000","-5700","-3.76","246740000000"
"439260","대한조선","KOSPI","운송장비·부품","81300","-4400","-5.13","3132189165600"
"003490","대한항공","KOSPI","운송·창고","24350","-950","-3.75","8966173095350"
"003495","대한항공우","KOSPI","운송·창고","23300","-1050","-4.31","25881500200"
"005880","대한해운","KOSPI","운송·창고","2260","-55","-2.38","729408988400"
"003830","대한화섬","KOSPI","화학","120400","-4100","-3.29","159891200000"
"016090","대현","KOSPI","섬유·의류","1669","-8","-0.48","73907175390"
"069460","대호에이엘","KOSPI","금속","532","0","0.00","46322278464"
"475560","더본코리아","KOSPI","유통","20800","-250","-1.19","308421776000"
"192080","더블유게임즈","KOSPI","IT 서비스","49750","-750","-1.49","1053380033000"
"012510","더존비즈온","KOSPI","IT 서비스","119100","-200","-0.17","3620023062000"
"004830","덕성","KOSPI","화학","4330","-75","-1.70","67894400000"
"004835","덕성우","KOSPI","화학","5960","-120","-1.97","8296320000"
"145720","덴티움","KOSPI","의료·정밀기기","51600","-1400","-2.64","444992775600"
"002150","도화엔지니어링","KOSPI","일반서비스","6300","-60","-0.94","212436000000"
"460850","동국씨엠","KOSPI","금속","5500","-380","-6.46","164442608000"
"460860","동국제강","KOSPI","금속","9030","-230","-2.48","447960393510"
"001230","동국홀딩스","KOSPI","기타금융","9660","-310","-3.11","307192665780"
"023450","동남합성","KOSPI","화학","30500","-50","-0.16","106750000000"
"004140","동방","KOSPI","운송·창고","2780","60","2.21","133361509480"
"007590","동방아그로","KOSPI","화학","5890","0","0.00","80207528530"
"005960","동부건설","KOSPI","건설","8180","-330","-3.88","187703703340"
"005965","동부건설우","KOSPI","건설","18400","-310","-1.66","4153468800"
"026960","동서","KOSPI","유통","27950","550","2.01","2786615000000"
"002210","동성제약","KOSPI","제약","973","0","0.00","25900780311"
"102260","동성케미컬","KOSPI","화학","4185","-90","-2.11","209989870335"
"000640","동아쏘시오홀딩스","KOSPI","기타금융","95700","-2700","-2.74","625536733800"
"170900","동아에스티","KOSPI","제약","44900","-950","-2.07","416159825700"
"028100","동아지질","KOSPI","건설","17680","100","0.57","236726395360"
"001520","동양","KOSPI","비금속","772","-25","-3.14","184264096636"
"001527","동양2우B","KOSPI","비금속","7850","70","0.90","2422266650"
"084670","동양고속","KOSPI","운송·창고","40400","-100","-0.25","116980987600"
"082640","동양생명","KOSPI","보험","8770","-230","-2.56","1415114790450"
"001525","동양우","KOSPI","비금속","4320","-40","-0.92","2668597920"
"018500","동원금속","KOSPI","운송장비·부품","1610","-76","-4.51","75275442130"
"006040","동원산업","KOSPI","기타금융","38700","-1300","-3.25","1708527058200"
"030720","동원수산","KOSPI","농업, 임업 및 어업","5790","-90","-1.53","26945530950"
"014820","동원시스템즈","KOSPI","화학","25700","-550","-2.10","745075947400"
"014825","동원시스템즈우","KOSPI","화학","16380","-10","-0.06","4326138180"
"111380","동인기연","KOSPI","섬유·의류","14100","-40","-0.28","86404800000"
"163560","동일고무벨트","KOSPI","화학","6790","-100","-1.45","94381000000"
"004890","동일산업","KOSPI","금속","38600","-150","-0.39","93613299000"
"002690","동일제강","KOSPI","금속","1538","-25","-1.60","31221953680"
"000020","동화약품","KOSPI","제약","5900","-120","-1.99","164795673000"
"000150","두산","KOSPI","기타금융","1112000","-91000","-7.56","18007544520000"
"000157","두산2우B","KOSPI","기타금융","408000","-43000","-9.53","364359504000"
"454910","두산로보틱스","KOSPI","기계·장비","80700","-4200","-4.95","5230972386000"
"241560","두산밥캣","KOSPI","기계·장비","58200","-1400","-2.35","5578822983000"
"034020","두산에너빌리티","KOSPI","기계·장비","94200","-3900","-3.98","60340859953200"
"000155","두산우","KOSPI","기타금융","464500","-33000","-6.63","1856356599000"
"336260","두산퓨얼셀","KOSPI","전기·전자","36050","-2100","-5.50","2361048822300"
"33626K","두산퓨얼셀1우","KOSPI","전기·전자","6950","-300","-4.14","92881190000"
"33626L","두산퓨얼셀2우B","KOSPI","전기·전자","9380","-220","-2.29","28011494000"
"016740","두올","KOSPI","운송장비·부품","4605","-35","-0.75","132043880520"
"192650","드림텍","KOSPI","전기·전자","6540","-300","-4.39","451091261460"
"024090","디씨엠","KOSPI","금속","12180","-130","-1.06","138852000000"
"003160","디아이","KOSPI","의료·정밀기기","31200","-3300","-9.57","882960000000"
"092200","디아이씨","KOSPI","운송장비·부품","8400","-200","-2.33","326663979600"
"377190","디앤디플랫폼리츠","KOSPI","부동산","2985","-170","-5.39","263874000000"
"013570","디와이","KOSPI","기타금융","4815","-135","-2.73","126729032895"
"024900","디와이덕양","KOSPI","운송장비·부품","1961","-38","-1.90","63859925780"
"210540","디와이파워","KOSPI","기계·장비","13270","-210","-1.56","146523465160"
"032350","롯데관광개발","KOSPI","일반서비스","18110","-1740","-8.77","1441582694140"
"089860","롯데렌탈","KOSPI","일반서비스","31000","-1600","-4.91","1125591028000"
"330590","롯데리츠","KOSPI","부동산","4695","55","1.19","1356708910380"
"000400","롯데손해보험","KOSPI","보험","2080","-50","-2.35","645499545600"
"023530","롯데쇼핑","KOSPI","유통","107400","-7000","-6.12","3038212287000"
"020150","롯데에너지머티리얼즈","KOSPI","전기·전자","42050","-50","-0.12","2201967719150"
"280360","롯데웰푸드","KOSPI","음식료·담배","111700","-4500","-3.87","1039320915800"
"286940","롯데이노베이트","KOSPI","IT 서비스","21200","-900","-4.07","320742580400"
"004000","롯데정밀화학","KOSPI","화학","49900","-1900","-3.67","1287420000000"
"004990","롯데지주","KOSPI","기타금융","28650","-2300","-7.43","3005649640050"
"00499K","롯데지주우","KOSPI","기타금융","29200","-1300","-4.26","23523607600"
"005300","롯데칠성","KOSPI","음식료·담배","113700","-4200","-3.56","1055009110800"
"005305","롯데칠성우","KOSPI","음식료·담배","78300","-3300","-4.04","60706773000"
"011170","롯데케미칼","KOSPI","화학","82100","-600","-0.73","3511861899900"
"071840","롯데하이마트","KOSPI","유통","8000","-130","-1.60","188861696000"
"027740","마니커","KOSPI","음식료·담배","818","8","0.99","51952184504"
"357430","마스턴프리미어리츠","KOSPI","부동산","1442","-54","-3.61","43988652694"
"001080","만호제강","KOSPI","금속","5020","-150","-2.90","208330000000"
"088980","맥쿼리인프라","KOSPI","기타금융","11340","-70","-0.61","5430975400620"
"094800","맵스리얼티","KOSPI","기타금융","7000","-50","-0.71","649840317000"
"138040","메리츠금융지주","KOSPI","기타금융","113900","-2500","-2.15","19249244994700"
"090370","메타랩스","KOSPI","섬유·의류","1441","-42","-2.83","35887656849"
"118000","메타케어","KOSPI","유통","236","-5","-2.07","40539457904"
"017180","명문제약","KOSPI","제약","1880","-20","-1.05","63832493520"
"009900","명신산업","KOSPI","운송장비·부품","9470","-330","-3.37","496892159510"
"317450","명인제약","KOSPI","제약","55300","-1800","-3.15","807380000000"
"012690","모나리자","KOSPI","종이·목재","2280","-185","-7.51","83382461400"
"005360","모나미","KOSPI","유통","1722","0","0.00","32541162654"
"070960","모나용평","KOSPI","일반서비스","2940","-80","-2.65","141511999020"
"009680","모토닉","KOSPI","운송장비·부품","10550","-210","-1.95","295927500000"
"009580","무림P&P","KOSPI","종이·목재","2830","25","0.89","176502356920"
"009200","무림페이퍼","KOSPI","종이·목재","2035","-55","-2.63","84674945850"
"033920","무학","KOSPI","음식료·담배","8600","-240","-2.71","245100000000"
"008420","문배철강","KOSPI","금속","2285","0","0.00","46850508925"
"025560","미래산업","KOSPI","의료·정밀기기","13020","-450","-3.34","58364155080"
"007120","미래아이앤지","KOSPI","IT 서비스","2050","-70","-3.30","59201146400"
"396690","미래에셋글로벌리츠","KOSPI","부동산","2375","-120","-4.81","94064107500"
"357250","미래에셋맵스리츠","KOSPI","부동산","2385","-20","-0.83","59613325425"
"085620","미래에셋생명","KOSPI","보험","17020","-890","-4.97","3012815536780"
"006800","미래에셋증권","KOSPI","증권","62700","-4400","-6.56","34818338781600"
"00680K","미래에셋증권2우B","KOSPI","증권","19340","-1160","-5.66","2639910000000"
"006805","미래에셋증권우","KOSPI","증권","21600","-1150","-5.05","304036200000"
"081660","미스토홀딩스","KOSPI","유통","40350","150","0.37","2142255744000"
"002840","미원상사","KOSPI","화학","138000","2200","1.62","655500000000"
"268280","미원에스씨","KOSPI","화학","124800","-1000","-0.79","624000000000"
"107590","미원홀딩스","KOSPI","기타금융","64700","-300","-0.46","150104000000"
"134380","미원화학","KOSPI","화학","118600","-1100","-0.92","260833184800"
"003650","미창석유","KOSPI","화학","111500","-1000","-0.89","193973428000"
"377740","바이오노트","KOSPI","제약","5290","-190","-3.47","541569293920"
"003610","방림","KOSPI","섬유·의류","5140","-60","-1.15","206639092120"
"035150","백산","KOSPI","화학","12750","-210","-1.62","258954450750"
"002410","범양건영","KOSPI","건설","1935","0","0.00","53173451700"
"007210","벽산","KOSPI","비금속","1826","-34","-1.83","122086360000"
"002760","보락","KOSPI","화학","1165","8","0.69","69783500000"
"003850","보령","KOSPI","제약","9230","-420","-4.35","791815920610"
"000890","보해양조","KOSPI","음식료·담배","426","-6","-1.39","58839174954"
"003000","부광약품","KOSPI","제약","9070","-530","-5.52","894888565970"
"001270","부국증권","KOSPI","증권","75300","-500","-0.66","780852415800"
"001275","부국증권우","KOSPI","증권","38350","-300","-0.78","115050000000"
"026940","부국철강","KOSPI","금속","1998","1","0.05","39960000000"
"011390","부산산업","KOSPI","비금속","71200","-2500","-3.39","75187200000"
"005030","부산주공","KOSPI","운송장비·부품","486","0","0.00","45092532168"
"006740","블루산업개발","KOSPI","종이·목재","571","-15","-2.56","32533060748"
"002070","비비안","KOSPI","섬유·의류","389","-1","-0.26","17581273953"
"100220","비상교육","KOSPI","오락·문화","5520","70","1.28","71742010320"
"090460","비에이치","KOSPI","전기·전자","20950","-750","-3.46","706256721100"
"005180","빙그레","KOSPI","음식료·담배","71600","-2600","-3.50","684188334800"
"003960","사조대림","KOSPI","음식료·담배","31600","-950","-2.92","289597157200"
"008040","사조동아원","KOSPI","음식료·담배","1016","-14","-1.36","143402913600"
"007160","사조산업","KOSPI","음식료·담배","52200","-1100","-2.06","261000000000"
"014710","사조씨푸드","KOSPI","음식료·담배","7020","-290","-3.97","120874171860"
"006090","사조오양","KOSPI","음식료·담배","8130","-110","-1.33","76606868070"
"062040","산일전기","KOSPI","전기·전자","142900","-6400","-4.29","4364909080000"
"001470","삼부토건","KOSPI","건설","347","0","0.00","79699592928"
"028050","삼성E&A","KOSPI","일반서비스","33250","150","0.45","6517000000000"
"448730","삼성FN리츠","KOSPI","부동산","5510","-40","-0.72","501685500000"
"006400","삼성SDI","KOSPI","전기·전자","412500","7000","1.73","33241531125000"
"006405","삼성SDI우","KOSPI","전기·전자","212500","-500","-0.23","343802900000"
"006660","삼성공조","KOSPI","운송장비·부품","11240","-280","-2.43","91339769360"
"028260","삼성물산","KOSPI","유통","259500","-9500","-3.53","44108913168000"
"02826K","삼성물산우B","KOSPI","유통","173000","-7800","-4.31","253893070000"
"207940","삼성바이오로직스","KOSPI","제약","1530000","-76000","-4.73","70825155030000"
"032830","삼성생명","KOSPI","보험","219500","-3500","-1.57","43900000000000"
"018260","삼성에스디에스","KOSPI","IT 서비스","153300","-3000","-1.92","11862016740000"
"0126Z0","삼성에피스홀딩스","KOSPI","기타금융","509000","-22000","-4.14","12665471941000"
"009150","삼성전기","KOSPI","전기·전자","429000","-5000","-1.15","32043595584000"
"009155","삼성전기우","KOSPI","전기·전자","165500","-3700","-2.19","481105852000"
"005930","삼성전자","KOSPI","전기·전자","176300","-3400","-1.89","1043632165648600"
"005935","삼성전자우","KOSPI","전기·전자","121100","-5100","-4.04","98814531810400"
"001360","삼성제약","KOSPI","제약","1895","31","1.66","178437139705"
"010140","삼성중공업","KOSPI","운송장비·부품","24500","-1500","-5.77","21560000000000"
"016360","삼성증권","KOSPI","증권","94700","-2900","-2.97","8456710000000"
"068290","삼성출판사","KOSPI","오락·문화","8980","-150","-1.64","89800000000"
"029780","삼성카드","KOSPI","기타금융","53800","-1200","-2.18","6233208335800"
"000810","삼성화재","KOSPI","보험","445500","2500","0.56","20497969552500"
"000815","삼성화재우","KOSPI","보험","367000","-12500","-3.29","1137520170000"
"006110","삼아알미늄","KOSPI","금속","30950","2100","7.28","468070932250"
"0120G0","삼양바이오팜","KOSPI","제약","142700","100","0.07","1061098649000"
"145990","삼양사","KOSPI","음식료·담배","45050","-650","-1.42","464620877450"
"145995","삼양사우","KOSPI","음식료·담배","34850","50","0.14","12896939500"
"003230","삼양식품","KOSPI","음식료·담배","1174000","-9000","-0.76","8843759610000"
"002170","삼양통상","KOSPI","섬유·의류","60000","100","0.17","180000000000"
"272550","삼양패키징","KOSPI","화학","13280","-320","-2.35","200108431680"
"000070","삼양홀딩스","KOSPI","기타금융","67400","-3100","-4.40","523239073400"
"003720","삼영","KOSPI","화학","7240","-380","-4.99","246160000000"
"002810","삼영무역","KOSPI","유통","18900","-570","-2.93","349025317200"
"005680","삼영전자","KOSPI","전기·전자","15750","-260","-1.62","315000000000"
"023000","삼원강재","KOSPI","운송장비·부품","2320","-15","-0.64","92800000000"
"004380","삼익THK","KOSPI","기계·장비","9960","0","0.00","206172000000"
"002450","삼익악기","KOSPI","기타제조","1182","-44","-3.59","107007541530"
"004440","삼일씨엔에스","KOSPI","비금속","10070","70","0.70","128210706290"
"000520","삼일제약","KOSPI","제약","9800","-220","-2.20","212579747800"
"009770","삼정펄프","KOSPI","종이·목재","32100","400","1.26","80249069100"
"005500","삼진제약","KOSPI","제약","18180","-360","-1.94","242157600000"
"004690","삼천리","KOSPI","전기·가스","143000","-4200","-2.85","579868575000"
"010960","삼호개발","KOSPI","건설","3850","-275","-6.67","92862000000"
"004450","삼화왕관","KOSPI","금속","27700","-200","-0.72","59676298300"
"009470","삼화전기","KOSPI","전기·전자","35750","-950","-2.59","236444065000"
"011230","삼화전자","KOSPI","전기·전자","2605","55","2.16","49926869925"
"001820","삼화콘덴서","KOSPI","전기·전자","54200","-1900","-3.39","563409000000"
"000390","삼화페인트","KOSPI","화학","9400","-400","-4.08","255712608600"
"001290","상상인증권","KOSPI","증권","1123","-55","-4.67","121662585760"
"041650","상신브레이크","KOSPI","운송장비·부품","2560","-80","-3.03","54966912000"
"075180","새론오토모티브","KOSPI","운송장비·부품","3030","-20","-0.66","58176000000"
"007540","샘표","KOSPI","기타금융","53500","-900","-1.65","153855300000"
"248170","샘표식품","KOSPI","음식료·담배","28000","-300","-1.06","127912008000"
"007860","서연","KOSPI","기타금융","9300","-340","-3.53","218362549200"
"200880","서연이화","KOSPI","운송장비·부품","13200","-580","-4.21","356775368400"
"017390","서울가스","KOSPI","전기·가스","64000","-1100","-1.69","320000000000"
"031210","서울보증보험","KOSPI","보험","53000","-800","-1.49","3700544694000"
"004410","서울식품","KOSPI","음식료·담배","177","-4","-2.21","69835374072"
"004415","서울식품우","KOSPI","음식료·담배","1188","-9","-0.75","2642706000"
"021050","서원","KOSPI","금속","1188","-26","-2.14","56399812920"
"008490","서흥","KOSPI","화학","18660","-670","-3.47","215879648580"
"007610","선도전기","KOSPI","전기·전자","3000","0","0.00","54000000000"
"136490","선진","KOSPI","음식료·담배","10050","-340","-3.27","238985020200"
"014910","성문전자","KOSPI","전기·전자","1613","-37","-2.24","36229568805"
"014915","성문전자우","KOSPI","전기·전자","4160","-45","-1.07","2496000000"
"004980","성신양회","KOSPI","비금속","9090","-380","-4.01","222851103570"
"004985","성신양회우","KOSPI","비금속","10600","-300","-2.75","7797837000"
"011300","성안머티리얼스","KOSPI","섬유·의류","327","23","7.57","51850368813"
"000180","성창기업지주","KOSPI","일반서비스","1452","-15","-1.02","101279323200"
"002420","세기상사","KOSPI","유통","5420","60","1.12","32357118160"
"004360","세방","KOSPI","운송·창고","15050","-250","-1.63","287689825150"
"004365","세방우","KOSPI","운송·창고","9140","-220","-2.35","33719745000"
"004490","세방전지","KOSPI","전기·전자","59900","-600","-0.99","830214000000"
"001430","세아베스틸지주","KOSPI","금속","67000","-2500","-3.60","2402761973000"
"306200","세아제강","KOSPI","금속","130100","900","0.70","369002630000"
"003030","세아제강지주","KOSPI","기타금융","201500","9900","5.17","834543885500"
"058650","세아홀딩스","KOSPI","금속","154800","-2900","-1.84","667688932800"
"013000","세우글로벌","KOSPI","유통","1295","20","1.57","37173015145"
"021820","세원정공","KOSPI","운송장비·부품","14580","-560","-3.70","145800000000"
"067830","세이브존I&C","KOSPI","유통","3005","-115","-3.69","123327889475"
"075580","세진중공업","KOSPI","운송장비·부품","16390","-710","-4.15","931762583840"
"068270","셀트리온","KOSPI","제약","201500","-4500","-2.18","46556224591500"
"336370","솔루스첨단소재","KOSPI","전기·전자","9130","-130","-1.40","641084350720"
"33637K","솔루스첨단소재1우","KOSPI","전기·전자","1994","3","0.15","33716079404"
"33637L","솔루스첨단소재2우B","KOSPI","전기·전자","3265","-15","-0.46","12336136440"
"248070","솔루엠","KOSPI","전기·전자","16750","-260","-1.53","800921953000"
"004430","송원산업","KOSPI","화학","8900","-330","-3.58","213600000000"
"017550","수산세보틱스","KOSPI","기계·장비","1887","-24","-1.26","117747158310"
"126720","수산인더스트리","KOSPI","건설","26500","-350","-1.30","378579000000"
"053210","스카이라이프","KOSPI","오락·문화","4760","-330","-6.48","226209265800"
"204210","스타에스엠리츠","KOSPI","부동산","2035","0","0.00","15927568525"
"026890","스틱인베스트먼트","KOSPI","기타금융","8940","-510","-5.40","372602884500"
"134790","시디즈","KOSPI","기타제조","19100","-50","-0.26","38200000000"
"462870","시프트업","KOSPI","IT 서비스","31650","-650","-2.01","1866854361000"
"016590","신대양제지","KOSPI","종이·목재","13760","730","5.60","554498003200"
"029530","신도리코","KOSPI","전기·전자","50500","-1500","-2.88","490644314500"
"004970","신라교역","KOSPI","농업, 임업 및 어업","9410","-160","-1.67","150560000000"
"011930","신성이엔지","KOSPI","전기·전자","2670","105","4.09","549614563170"
"004170","신세계","KOSPI","유통","309000","-28000","-8.31","2980360929000"
"035510","신세계 I&C","KOSPI","IT 서비스","19230","-630","-3.17","268852707000"
"031430","신세계인터내셔날","KOSPI","유통","12170","-240","-1.93","425779620000"
"031440","신세계푸드","KOSPI","일반서비스","49150","-200","-0.41","190332392000"
"006880","신송홀딩스","KOSPI","유통","7110","80","1.14","84103180380"
"005800","신영와코루","KOSPI","섬유·의류","15410","-150","-0.96","138690000000"
"001720","신영증권","KOSPI","증권","193100","-12900","-6.26","3174564000000"
"009270","신원","KOSPI","섬유·의류","1303","-16","-1.21","149545822079"
"002700","신일전자","KOSPI","유통","1382","-8","-0.58","96805674022"
"002870","신풍","KOSPI","유통","1186","3","0.25","41461018200"
"019170","신풍제약","KOSPI","제약","10750","-280","-2.54","569588642500"
"019175","신풍제약우","KOSPI","제약","16810","-210","-1.23","36982000000"
"481850","신한글로벌액티브리츠","KOSPI","기타금융","1091","0","0.00","47434131424"
"404990","신한서부티엔디리츠","KOSPI","부동산","4355","-95","-2.13","258705108090"
"293940","신한알파리츠","KOSPI","부동산","5690","-90","-1.56","688149299870"
"055550","신한지주","KOSPI","기타금융","90500","-3000","-3.21","42956219670500"
"004080","신흥","KOSPI","유통","13830","30","0.22","130002000000"
"004770","써니전자","KOSPI","전기·전자","1643","-20","-1.20","58338720634"
"403550","쏘카","KOSPI","일반서비스","11570","90","0.78","379980806140"
"004920","씨아이테크","KOSPI","전기·전자","1076","-7","-0.65","56145542272"
"112610","씨에스윈드","KOSPI","금속","63100","2900","4.82","2661015529300"
"480370","씨케이솔루션","KOSPI","건설","2100","-175","-7.69","68210956800"
"308170","씨티알모빌리티","KOSPI","운송장비·부품","5050","-90","-1.75","43480500000"
"008700","아남전자","KOSPI","전기·전자","1654","62","3.89","127564452280"
"090430","아모레퍼시픽","KOSPI","화학","140400","-4000","-2.77","8212383363600"
"090435","아모레퍼시픽우","KOSPI","화학","46800","-2050","-4.20","494106444000"
"002790","아모레퍼시픽홀딩스","KOSPI","화학","28500","-850","-2.90","2179058130000"
"00279K","아모레퍼시픽홀딩스3우C","KOSPI","화학","24000","-500","-2.04","170212800000"
"002795","아모레퍼시픽홀딩스우","KOSPI","화학","12070","-410","-3.29","77776303900"
"002030","아세아","KOSPI","일반서비스","279000","500","0.18","578268234000"
"183190","아세아시멘트","KOSPI","비금속","10870","-370","-3.29","401403642460"
"002310","아세아제지","KOSPI","종이·목재","8800","20","0.23","356246088000"
"012170","아센디오","KOSPI","오락·문화","1273","-15","-1.16","24687665808"
"267850","아시아나IDT","KOSPI","IT 서비스","10400","-230","-2.16","115440000000"
"020560","아시아나항공","KOSPI","운송·창고","6960","-100","-1.42","1433695348560"
"122900","아이마켓코리아","KOSPI","유통","7410","-100","-1.33","247707704400"
"010780","아이에스동서","KOSPI","비금속","25900","-1000","-3.72","781842678400"
"031820","아이티센씨티에스","KOSPI","IT 서비스","716","-30","-4.02","86672849656"
"139990","아주스틸","KOSPI","금속","2995","-15","-0.50","116072464930"
"009320","아진전자부품","KOSPI","운송장비·부품","1013","-17","-1.65","49940667010"
"001780","알루코","KOSPI","금속","2145","25","1.18","207700633140"
"018250","애경산업","KOSPI","화학","16920","1620","10.59","446856100200"
"161000","애경케미칼","KOSPI","화학","14820","3420","30.00","720973867380"
"011090","에넥스","KOSPI","기타제조","416","-11","-2.58","24956522656"
"137310","에스디바이오센서","KOSPI","의료·정밀기기","7830","-300","-3.69","953295468660"
"005850","에스엘","KOSPI","운송장비·부품","57100","-2700","-4.52","2652210492000"
"010580","에스엠벡셀","KOSPI","운송장비·부품","2060","50","2.49","229178625600"
"012750","에스원","KOSPI","일반서비스","85400","-1800","-2.06","3245129801200"
"023960","에쓰씨엔지니어링","KOSPI","건설","1464","-43","-2.85","55684667400"
"298690","에어부산","KOSPI","운송·창고","1855","-15","-0.80","216367200000"
"140910","에이리츠","KOSPI","부동산","3130","0","0.00","13969290160"
"078520","에이블씨엔씨","KOSPI","화학","12470","-870","-6.52","324396587670"
"015260","에이엔피","KOSPI","전기·전자","649","-23","-3.42","30578864206"
"007460","에이프로젠","KOSPI","금속","327","-10","-2.97","107682744810"
"003060","에이프로젠바이오로직스","KOSPI","제약","305","0","0.00","60514392725"
"244920","에이플러스에셋","KOSPI","기타금융","10930","420","4.00","247102084490"
"278470","에이피알","KOSPI","화학","326000","-1000","-0.31","12204838530000"
"450080","에코프로머티","KOSPI","전기·전자","72100","-1300","-1.77","5087286163400"
"019490","엑시큐어하이트론","KOSPI","전기·전자","541","0","0.00","41349858070"
"036570","엔씨소프트","KOSPI","IT 서비스","222000","-8000","-3.48","4782772884000"
"085310","엔케이","KOSPI","금속","1077","-10","-0.92","84954106794"
"900140","엘브이엠씨홀딩스","KOSPI","유통","1620","-37","-2.23","313049499840"
"066970","엘앤에프","KOSPI","전기·전자","155900","600","0.39","6286680751500"
"097520","엠씨넥스","KOSPI","전기·전자","21500","-600","-2.71","374132250000"
"484870","엠앤씨솔루션","KOSPI","기계·장비","99700","-3500","-3.39","912643830000"
"014440","영보화학","KOSPI","화학","4635","-45","-0.96","92700000000"
"111770","영원무역","KOSPI","유통","80400","-1400","-1.71","3562642027200"
"009970","영원무역홀딩스","KOSPI","기타금융","223000","500","0.22","3010329851000"
"003520","영진약품","KOSPI","제약","1778","-11","-0.61","325183275718"
"000670","영풍","KOSPI","금속","56000","-3700","-6.20","1012365200000"
"012280","영화금속","KOSPI","운송장비·부품","1029","-9","-0.87","53162775645"
"012160","영흥","KOSPI","금속","550","-23","-4.01","55720704600"
"007310","오뚜기","KOSPI","음식료·담배","358000","-1500","-0.42","1434803140000"
"002630","오리엔트바이오","KOSPI","제약","601","-27","-4.30","71268386005"
"271560","오리온","KOSPI","음식료·담배","127000","-7500","-5.58","5021088764000"
"001800","오리온홀딩스","KOSPI","기타금융","23450","-1750","-6.94","1469035145900"
"005320","온타이드","KOSPI","유통","512","-13","-2.48","35008353280"
"011690","와이투솔루션","KOSPI","전기·전자","5720","-40","-0.69","209949133680"
"316140","우리금융지주","KOSPI","기타금융","32450","-1150","-3.42","23820776584000"
"006980","우성","KOSPI","음식료·담배","20350","-600","-2.86","62881500000"
"017370","우신시스템","KOSPI","기계·장비","5710","-40","-0.70","104573248340"
"105840","우진","KOSPI","의료·정밀기기","23400","-1000","-4.10","472625478000"
"010400","우진아이엔에스","KOSPI","건설","3580","-175","-4.66","27286760000"
"049800","우진플라임","KOSPI","기계·장비","2500","-55","-2.15","50000000000"
"016880","웅진","KOSPI","일반서비스","2730","10","0.37","218200928400"
"095720","웅진씽크빅","KOSPI","일반서비스","1144","-22","-1.89","132138846840"
"005820","원림","KOSPI","섬유·의류","15350","-130","-0.84","35273839500"
"008600","윌비스","KOSPI","유통","2620","0","0.00","17615839860"
"033270","유나이티드제약","KOSPI","제약","20500","-200","-0.97","326170887500"
"014830","유니드","KOSPI","화학","81100","-2900","-3.45","548852360000"
"446070","유니드비티플러스","KOSPI","종이·목재","3050","25","0.83","32364205750"
"000910","유니온","KOSPI","비금속","4395","5","0.11","68613065505"
"047400","유니온머티리얼","KOSPI","비금속","1646","24","1.48","69132000000"
"011330","유니켐","KOSPI","섬유·의류","721","-4","-0.55","67942968513"
"077500","유니퀘스트","KOSPI","유통","5920","-190","-3.11","127872603840"
"002920","유성기업","KOSPI","운송장비·부품","1896","-55","-2.82","49196460000"
"000700","유수홀딩스","KOSPI","일반서비스","6550","-120","-1.80","170573868600"
"003470","유안타증권","KOSPI","증권","4640","-360","-7.20","926128112640"
"003475","유안타증권우","KOSPI","증권","4300","-405","-8.61","55522511600"
"072130","유엔젤","KOSPI","IT 서비스","5200","-100","-1.89","67056360800"
"000220","유유제약","KOSPI","제약","4210","-140","-3.22","71706197710"
"000225","유유제약1우","KOSPI","제약","4365","-60","-1.36","9895149450"
"000227","유유제약2우B","KOSPI","제약","10710","0","0.00","3486747600"
"001200","유진투자증권","KOSPI","증권","4715","-245","-4.94","456725160870"
"000100","유한양행","KOSPI","제약","98500","-1900","-1.89","7845288698500"
"000105","유한양행우","KOSPI","제약","86200","-1600","-1.82","101797028000"
"003460","유화증권","KOSPI","증권","3435","-285","-7.66","194772795525"
"003465","유화증권우","KOSPI","증권","3415","-220","-6.05","59681991375"
"008730","율촌화학","KOSPI","화학","23800","-150","-0.63","590240000000"
"008250","이건산업","KOSPI","종이·목재","3805","-150","-3.79","41674776175"
"025820","이구산업","KOSPI","금속","4700","-85","-1.78","157177400000"
"214320","이노션","KOSPI","일반서비스","17880","-300","-1.65","715200000000"
"088260","이리츠코크렙","KOSPI","부동산","4775","-95","-1.95","302456092250"
"139480","이마트","KOSPI","유통","98000","-2000","-2.00","2704390262000"
"457190","이수스페셜티케미컬","KOSPI","화학","91800","-2600","-2.75","2774092449600"
"007660","이수페타시스","KOSPI","전기·전자","104500","-6000","-5.43","7671263385500"
"005950","이수화학","KOSPI","화학","7900","-80","-1.00","207723935100"
"015020","이스타코","KOSPI","부동산","464","0","0.00","19883142400"
"074610","이엔플러스","KOSPI","기계·장비","5110","0","0.00","44815400070"
"102460","이연제약","KOSPI","제약","10060","-20","-0.20","186983318660"
"084680","이월드","KOSPI","기타제조","1550","-28","-1.77","219799599150"
"350520","이지스레지던스리츠","KOSPI","부동산","3670","-10","-0.27","135298961340"
"334890","이지스밸류플러스리츠","KOSPI","부동산","4025","-75","-1.83","279530949075"
"000760","이화산업","KOSPI","유통","14970","-120","-0.80","41916000000"
"014990","인디에프","KOSPI","섬유·의류","737","-4","-0.54","55358277315"
"101140","인바이오젠","KOSPI","유통","11000","780","7.63","110486376000"
"006490","인스코비","KOSPI","통신","256","15","6.22","32226845952"
"023800","인지컨트롤스","KOSPI","운송장비·부품","6690","-70","-1.04","105763527930"
"034590","인천도시가스","KOSPI","전기·가스","26900","-50","-0.19","117680882600"
"129260","인터지스","KOSPI","운송·창고","2410","-50","-2.03","71692376340"
"023810","인팩","KOSPI","운송장비·부품","8020","30","0.38","80200000000"
"249420","일동제약","KOSPI","제약","29000","-1250","-4.13","917509308000"
"000230","일동홀딩스","KOSPI","제약","10190","-370","-3.50","117596676000"
"013360","일성건설","KOSPI","건설","1925","61","3.27","103997894000"
"003120","일성아이에스","KOSPI","제약","22800","-450","-1.94","303240000000"
"003200","일신방직","KOSPI","섬유·의류","11670","-480","-3.95","267943200000"
"007110","일신석재","KOSPI","유통","1479","-39","-2.57","114558326190"
"007570","일양약품","KOSPI","제약","12120","-850","-6.55","231318247680"
"007575","일양약품우","KOSPI","제약","11520","-960","-7.69","5127321600"
"008500","일정실업","KOSPI","섬유·의류","2680","-105","-3.77","16080000000"
"081000","일진다이아","KOSPI","화학","13000","-390","-2.91","184638675000"
"020760","일진디스플","KOSPI","전기·전자","902","0","0.00","46465394382"
"103590","일진전기","KOSPI","전기·전자","71200","-3900","-5.19","3395199768000"
"271940","일진하이솔루스","KOSPI","운송장비·부품","15380","-500","-3.15","558496862200"
"015860","일진홀딩스","KOSPI","기타금융","6750","-330","-4.66","333095510250"
"226320","잇츠한불","KOSPI","화학","10010","-160","-1.57","219512443150"
"317400","자이에스앤디","KOSPI","부동산","4160","-60","-1.42","161335283200"
"033240","자화전자","KOSPI","전기·전자","34050","-2200","-6.07","735667343100"
"000950","전방","KOSPI","섬유·의류","34650","-1050","-2.94","58212000000"
"079900","전진건설로봇","KOSPI","기계·장비","53500","-100","-0.19","780701157500"
"348950","제이알글로벌리츠","KOSPI","부동산","1572","-2","-0.13","310275072000"
"194370","제이에스코퍼레이션","KOSPI","섬유·의류","11480","-220","-1.88","333112381840"
"030000","제일기획","KOSPI","일반서비스","19360","-470","-2.37","2227198116000"
"271980","제일약품","KOSPI","제약","13680","-540","-3.80","201162648960"
"001560","제일연마","KOSPI","비금속","11120","180","1.65","108976000000"
"002620","제일파마홀딩스","KOSPI","일반서비스","8720","-10","-0.11","139287655600"
"006220","제주은행","KOSPI","은행","12300","-510","-3.98","464922251100"
"089590","제주항공","KOSPI","운송·창고","5110","-50","-0.97","412075433350"
"004910","조광페인트","KOSPI","화학","4890","-90","-1.81","62592000000"
"004700","조광피혁","KOSPI","섬유·의류","69800","-500","-0.71","464109832400"
"001550","조비","KOSPI","화학","16270","1220","8.11","84477728530"
"462520","조선내화","KOSPI","비금속","13590","-310","-2.23","161111733120"
"120030","조선선재","KOSPI","금속","98500","-800","-0.81","123878623500"
"018470","조일알미늄","KOSPI","금속","1238","22","1.81","156770070598"
"002600","조흥","KOSPI","음식료·담배","145600","-600","-0.41","87360000000"
"185750","종근당","KOSPI","제약","90100","-1600","-1.74","1243630478000"
"063160","종근당바이오","KOSPI","제약","19020","-390","-2.01","104342997240"
"001630","종근당홀딩스","KOSPI","제약","47950","-1900","-3.81","240222834950"
"109070","주성코퍼레이션","KOSPI","전기·전자","1308","-11","-0.83","69075780840"
"044380","주연테크","KOSPI","전기·전자","376","-8","-2.08","24245074832"
"013890","지누스","KOSPI","기타제조","10290","-530","-4.90","228999587040"
"013870","지엠비코리아","KOSPI","운송장비·부품","4850","-220","-4.34","92500558000"
"071320","지역난방공사","KOSPI","전기·가스","75400","-4000","-5.04","873037297600"
"088790","진도","KOSPI","유통","2565","30","1.18","31928463360"
"003780","진양산업","KOSPI","화학","5460","-70","-1.27","70980000000"
"010640","진양폴리","KOSPI","화학","2385","-110","-4.41","23850000000"
"100250","진양홀딩스","KOSPI","화학","2995","-5","-0.17","191380500000"
"051630","진양화학","KOSPI","화학","2185","-105","-4.59","46322000000"
"272450","진에어","KOSPI","운송·창고","6170","-150","-2.37","322074000000"
"011000","진원생명과학","KOSPI","제약","944","-27","-2.78","85793464208"
"002780","진흥기업","KOSPI","건설","937","-16","-1.68","136307025065"
"002787","진흥기업2우B","KOSPI","건설","7960","60","0.76","2346671680"
"002785","진흥기업우B","KOSPI","건설","3415","-30","-0.87","2927399470"
"025620","차AI헬스케어","KOSPI","화학","9190","10","0.11","167294511870"
"009310","참엔지니어링","KOSPI","기계·장비","1065","0","0.00","23307603810"
"000650","천일고속","KOSPI","운송·창고","215500","-5500","-2.49","307996910000"
"033250","체시스","KOSPI","운송장비·부품","973","-1","-0.10","31136000000"
"035720","카카오","KOSPI","IT 서비스","47100","-1700","-3.48","20854298758800"
"323410","카카오뱅크","KOSPI","은행","24400","-250","-1.01","11639872062800"
"377300","카카오페이","KOSPI","기타금융","50800","-2700","-5.05","6869391696800"
"006380","카프로","KOSPI","화학","3660","0","0.00","618539985360"
"279570","케이뱅크","KOSPI","은행","6080","-190","-3.03","2466626518080"
"001620","케이비아이동국실업","KOSPI","운송장비·부품","627","-33","-5.00","69780730437"
"029460","케이씨","KOSPI","의료·정밀기기","30900","-550","-1.75","397687542300"
"281820","케이씨텍","KOSPI","의료·정밀기기","48050","-750","-1.54","994170020150"
"381970","케이카","KOSPI","유통","13960","-230","-1.62","681539038080"
"145270","케이탑리츠","KOSPI","부동산","910","6","0.66","43735304340"
"417310","코람코더원리츠","KOSPI","부동산","9530","-160","-1.65","385012000000"
"357120","코람코라이프인프라리츠","KOSPI","부동산","4500","-60","-1.32","438009093000"
"007815","코리아써우","KOSPI","전기·전자","19370","-430","-2.17","57426045300"
"007810","코리아써키트","KOSPI","전기·전자","75800","-8200","-9.76","1817882899200"
"00781K","코리아써키트2우B","KOSPI","전기·전자","13850","-280","-1.98","10854231150"
"003690","코리안리","KOSPI","보험","13320","-10","-0.08","2595016132920"
"192820","코스맥스","KOSPI","화학","192100","-12900","-6.29","2180240678900"
"044820","코스맥스비티아이","KOSPI","기타금융","15760","-430","-2.66","151357794960"
"005070","코스모신소재","KOSPI","화학","52400","700","1.35","1703563614400"
"005420","코스모화학","KOSPI","화학","15350","-50","-0.32","589566299800"
"071950","코아스","KOSPI","기타제조","1676","-50","-2.90","19978602132"
"002020","코오롱","KOSPI","기타금융","66800","-3000","-4.30","862233024000"
"138490","코오롱ENP","KOSPI","화학","15000","0","0.00","570000000000"
"003070","코오롱글로벌","KOSPI","건설","10680","-120","-1.11","271527882120"
"003075","코오롱글로벌우","KOSPI","건설","15940","-140","-0.87","11807347780"
"002025","코오롱우","KOSPI","기타금융","29100","-900","-3.00","33768716700"
"120110","코오롱인더","KOSPI","화학","77500","-2500","-3.13","2132729552500"
"120115","코오롱인더우","KOSPI","화학","27800","-400","-1.42","76946508000"
"021240","코웨이","KOSPI","일반서비스","72500","-1000","-1.36","5130638385000"
"036420","콘텐트리중앙","KOSPI","오락·문화","5940","-100","-1.66","114418109520"
"024720","콜마홀딩스","KOSPI","기타금융","8870","-310","-3.38","304207817330"
"192400","쿠쿠홀딩스","KOSPI","기타금융","28000","-300","-1.06","995741180000"
"284740","쿠쿠홈시스","KOSPI","일반서비스","23600","-750","-3.08","529520988000"
"264900","크라운제과","KOSPI","음식료·담배","8260","-90","-1.08","103447001000"
"26490K","크라운제과우","KOSPI","음식료·담배","8740","-190","-2.13","6760914400"
"005740","크라운해태홀딩스","KOSPI","기타금융","6620","-130","-1.93","98289437140"
"005745","크라운해태홀딩스우","KOSPI","기타금융","7070","-410","-5.48","4247132820"
"259960","크래프톤","KOSPI","IT 서비스","250500","-4000","-1.57","11875225795500"
"020120","키다리스튜디오","KOSPI","IT 서비스","3190","-70","-2.15","118233413540"
"039490","키움증권","KOSPI","증권","411000","-24000","-5.52","10773004590000"
"014580","태경비케이","KOSPI","비금속","4495","-25","-0.55","123986034500"
"015890","태경산업","KOSPI","화학","4830","-30","-0.62","141174862500"
"006890","태경케미컬","KOSPI","화학","10680","1500","16.34","123888000000"
"003240","태광산업","KOSPI","화학","1135000","-42000","-3.57","1263709000000"
"011280","태림포장","KOSPI","종이·목재","2195","-10","-0.45","155419038300"
"004100","태양금속","KOSPI","운송장비·부품","3140","45","1.45","115238000000"
"004105","태양금속우","KOSPI","운송장비·부품","3830","-85","-2.17","12639000000"
"009410","태영건설","KOSPI","건설","1798","-39","-2.12","535066960244"
"009415","태영건설우","KOSPI","건설","5840","-30","-0.51","3795848160"
"001420","태원물산","KOSPI","운송장비·부품","2775","-70","-2.46","21090000000"
"055490","테이팩스","KOSPI","화학","16670","840","5.31","79510065500"
"078000","텔코웨어","KOSPI","IT 서비스","17040","-150","-0.87","157450912080"
"214420","토니모리","KOSPI","화학","6730","-260","-3.72","161888797270"
"019180","티에이치엔","KOSPI","전기·전자","8060","-240","-2.89","145080000000"
"217590","티엠씨","KOSPI","전기·전자","20250","-550","-2.64","487908056250"
"363280","티와이홀딩스","KOSPI","기타금융","2685","-100","-3.59","135402584580"
"36328K","티와이홀딩스우","KOSPI","기타금융","4020","-30","-0.74","4996916280"
"091810","티웨이항공","KOSPI","운송·창고","1080","-45","-4.00","362862757800"
"004870","티웨이홀딩스","KOSPI","비금속","342","-15","-4.20","38701914948"
"034230","파라다이스","KOSPI","오락·문화","16500","-1330","-7.46","1528384803000"
"005690","파미셀","KOSPI","제약","15680","-1240","-7.33","941065995520"
"036580","팜스코","KOSPI","음식료·담배","3140","-80","-2.48","115325741020"
"004720","팜젠사이언스","KOSPI","제약","3775","-40","-1.05","82878245050"
"028670","팬오션","KOSPI","운송·창고","4875","-25","-0.51","2606026371000"
"010820","퍼스텍","KOSPI","금속","6860","-280","-3.92","334575494680"
"016800","퍼시스","KOSPI","기타제조","38500","750","1.99","442750000000"
"001020","페이퍼코리아","KOSPI","종이·목재","635","1","0.16","113019403755"
"090080","평화산업","KOSPI","운송장비·부품","919","9","0.99","50455176021"
"010770","평화홀딩스","KOSPI","운송장비·부품","3810","-90","-2.31","55723025460"
"022100","포스코DX","KOSPI","일반서비스","29900","-650","-2.13","4545838397100"
"058430","포스코스틸리온","KOSPI","금속","45100","-800","-1.74","270600000000"
"047050","포스코인터내셔널","KOSPI","유통","75400","900","1.21","13264578215200"
"003670","포스코퓨처엠","KOSPI","전기·전자","214500","5500","2.63","19078964190000"
"017810","풀무원","KOSPI","음식료·담배","11840","-270","-2.23","451347217280"
"103140","풍산","KOSPI","금속","89700","-2000","-2.18","2513777736600"
"005810","풍산홀딩스","KOSPI","기타금융","34900","-450","-1.27","503163490800"
"950210","프레스티지바이오파마","KOSPI","일반서비스","10250","-30","-0.29","615985588750"
"009810","플레이그램","KOSPI","유통","1055","-9","-0.85","32048262500"
"086790","하나금융지주","KOSPI","기타금융","107200","-3200","-2.90","29836527260800"
"293480","하나제약","KOSPI","제약","9300","-170","-1.80","165288397800"
"039130","하나투어","KOSPI","일반서비스","40800","-650","-1.57","631989225600"
"352820","하이브","KOSPI","오락·문화","302500","-4500","-1.47","13028023415000"
"071090","하이스틸","KOSPI","금속","3470","25","0.73","70064404370"
"000080","하이트진로","KOSPI","음식료·담배","16470","-260","-1.55","1155100573170"
"000087","하이트진로2우B","KOSPI","음식료·담배","13970","10","0.07","15788027860"
"000140","하이트진로홀딩스","KOSPI","기타금융","8880","-190","-2.09","206076073200"
"000145","하이트진로홀딩스우","KOSPI","기타금융","11680","0","0.00","5499060800"
"152550","한국ANKOR유전","KOSPI","기타금융","315","19","6.42","22056300000"
"036460","한국가스공사","KOSPI","전기·가스","35100","-300","-0.85","3240186300000"
"005430","한국공항","KOSPI","운송·창고","58900","2200","3.88","186498309500"
"071050","한국금융지주","KOSPI","기타금융","210000","-10000","-4.55","11702458320000"
"071055","한국금융지주우","KOSPI","기타금융","154800","-8600","-5.26","906857254800"
"010040","한국내화","KOSPI","비금속","1876","-39","-2.04","77041808312"
"025540","한국단자","KOSPI","전기·전자","75500","-3200","-4.07","763682500000"
"010100","한국무브넥스","KOSPI","운송장비·부품","4515","-80","-1.74","137483646300"
"004090","한국석유","KOSPI","비금속","16860","130","0.78","214022863200"
"002200","한국수출포장","KOSPI","종이·목재","2890","-10","-0.34","115600000000"
"002960","한국쉘석유","KOSPI","화학","475000","-5000","-1.04","617500000000"
"000240","한국앤컴퍼니","KOSPI","기타금융","24850","-2050","-7.62","2359140714000"
"123890","한국자산신탁","KOSPI","기타금융","2615","-225","-7.92","320007816490"
"015760","한국전력","KOSPI","전기·가스","42200","-1700","-3.87","27090884049400"
"006200","한국전자홀딩스","KOSPI","기타금융","989","-31","-3.04","46288301504"
"027970","한국제지","KOSPI","종이·목재","798","-1","-0.13","151762233126"
"023350","한국종합기술","KOSPI","일반서비스","4670","-20","-0.43","51136500000"
"025890","한국주강","KOSPI","기계·장비","1788","8","0.45","20220955092"
"000970","한국주철관","KOSPI","금속","6740","-10","-0.15","153675370000"
"104700","한국철강","KOSPI","금속","9060","-120","-1.31","330237000000"
"017960","한국카본","KOSPI","금속","39050","-1450","-3.58","2027025050600"
"161890","한국콜마","KOSPI","화학","76600","-3600","-4.49","1808148898200"
"161390","한국타이어앤테크놀로지","KOSPI","화학","55000","-3000","-5.17","6813128795000"
"034830","한국토지신탁","KOSPI","기타금융","1664","-46","-2.69","420142078720"
"007280","한국특강","KOSPI","금속","1453","12","0.83","88361740883"
"047810","한국항공우주","KOSPI","운송장비·부품","174200","-12300","-6.60","16980163639400"
"123690","한국화장품","KOSPI","유통","7910","-390","-4.70","127097880000"
"003350","한국화장품제조","KOSPI","화학","43700","-2200","-4.79","198048400000"
"011500","한농화성","KOSPI","화학","20350","-650","-3.10","318213804700"
"002390","한독","KOSPI","제약","10530","-220","-2.05","144930002490"
"053690","한미글로벌","KOSPI","일반서비스","30500","4400","16.86","334205275000"
"042700","한미반도체","KOSPI","기계·장비","260500","-15000","-5.44","24828828100000"
"008930","한미사이언스","KOSPI","기타금융","37500","-900","-2.34","2564683125000"
"128940","한미약품","KOSPI","제약","524000","-25000","-4.55","6712959284000"
"009240","한샘","KOSPI","유통","42100","-800","-1.86","990778368800"
"020000","한섬","KOSPI","섬유·의류","24100","-1900","-7.31","540749702700"
"003680","한성기업","KOSPI","음식료·담배","5000","-60","-1.19","31047575000"
"105630","한세실업","KOSPI","섬유·의류","11370","-830","-6.80","454800000000"
"069640","한세엠케이","KOSPI","유통","603","-4","-0.66","27018320706"
"016450","한세예스24홀딩스","KOSPI","섬유·의류","4275","-645","-13.11","171000000000"
"009180","한솔로지스틱스","KOSPI","운송·창고","2915","0","0.00","82074229875"
"213500","한솔제지","KOSPI","종이·목재","8300","-300","-3.49","197544780800"
"014680","한솔케미칼","KOSPI","화학","264500","-8500","-3.11","3007416577500"
"004710","한솔테크닉스","KOSPI","전기·전자","4700","-180","-3.69","149412426600"
"004150","한솔홀딩스","KOSPI","기타금융","3250","-170","-4.97","133336515000"
"025750","한솔홈데코","KOSPI","종이·목재","550","2","0.36","44310831950"
"004960","한신공영","KOSPI","건설","15000","120","0.81","173560530000"
"011700","한신기계","KOSPI","기계·장비","4355","-95","-2.13","141302987605"
"001750","한양증권","KOSPI","증권","25050","-2050","-7.56","318849776700"
"001755","한양증권우","KOSPI","증권","25300","-1400","-5.24","13282500000"
"018880","한온시스템","KOSPI","기계·장비","3860","-80","-2.03","3961373450720"
"009420","한올바이오파마","KOSPI","제약","58300","-5000","-7.90","3045629195400"
"014130","한익스프레스","KOSPI","운송·창고","2605","-45","-1.70","31260000000"
"300720","한일시멘트","KOSPI","비금속","16550","20","0.12","1217173208950"
"002220","한일철강","KOSPI","금속","3645","-65","-1.75","97312241700"
"003300","한일홀딩스","KOSPI","비금속","17060","-1180","-6.47","526009001040"
"051600","한전KPS","KOSPI","건설","57400","-1600","-2.71","2583000000000"
"052690","한전기술","KOSPI","일반서비스","155200","-1800","-1.15","5931744000000"
"130660","한전산업","KOSPI","일반서비스","18210","-930","-4.86","593646000000"
"002320","한진","KOSPI","운송·창고","19000","-60","-0.31","294853704000"
"003480","한진중공업홀딩스","KOSPI","전기·가스","4725","-165","-3.37","139528361700"
"180640","한진칼","KOSPI","기타금융","112500","-4700","-4.01","7510756387500"
"18064K","한진칼우","KOSPI","기타금융","32050","-2450","-7.10","17203350300"
"005110","한창","KOSPI","유통","1254","0","0.00","26467434378"
"009460","한창제지","KOSPI","종이·목재","660","34","5.43","39380540760"
"372910","한컴라이프케어","KOSPI","의료·정밀기기","2375","-15","-0.63","65726714250"
"000880","한화","KOSPI","화학","109300","-2200","-1.97","8192989735500"
"00088K","한화3우B","KOSPI","화학","44150","-1450","-3.18","856706070150"
"452260","한화갤러리아","KOSPI","유통","2410","-80","-3.21","467201660100"
"45226K","한화갤러리아우","KOSPI","유통","6330","-360","-5.38","18385295100"
"451800","한화리츠","KOSPI","부동산","5070","-40","-0.78","910572000000"
"489790","한화비전","KOSPI","전기·전자","75700","-4800","-5.96","3821971123000"
"088350","한화생명","KOSPI","보험","4560","-160","-3.39","3960496800000"
"000370","한화손해보험","KOSPI","보험","6690","-80","-1.18","780983341350"
"009830","한화솔루션","KOSPI","화학","36600","950","2.66","6291266817600"
"009835","한화솔루션우","KOSPI","화학","23400","850","3.77","60263166600"
"272210","한화시스템","KOSPI","전기·전자","120700","-3400","-2.74","22802570252300"
"012450","한화에어로스페이스","KOSPI","운송장비·부품","1308000","-27000","-2.02","67444928508000"
"082740","한화엔진","KOSPI","기계·장비","44600","-2050","-4.39","3721742533200"
"042660","한화오션","KOSPI","운송장비·부품","118200","-5000","-4.06","36218063170800"
"003530","한화투자증권","KOSPI","증권","6870","-320","-4.45","1473943214250"
"003535","한화투자증권우","KOSPI","증권","8640","-460","-5.05","41472000000"
"195870","해성디에스","KOSPI","전기·전자","50300","-3900","-7.20","855100000000"
"101530","해태제과식품","KOSPI","음식료·담배","6250","-110","-1.73","181980137500"
"143210","핸즈코퍼레이션","KOSPI","운송장비·부품","1199","0","0.00","26229020653"
"000720","현대건설","KOSPI","건설","148400","-1400","-0.93","16525195526000"
"000725","현대건설우","KOSPI","건설","65000","-1400","-2.11","68555045000"
"453340","현대그린푸드","KOSPI","유통","15910","-170","-1.06","517105483560"
"086280","현대글로비스","KOSPI","운송·창고","215500","-16000","-6.91","16162500000000"
"064350","현대로템","KOSPI","운송장비·부품","180000","-4200","-2.28","19645612740000"
"079430","현대리바트","KOSPI","기타제조","6840","-120","-1.72","140461328880"
"012330","현대모비스","KOSPI","운송장비·부품","398000","-10500","-2.57","36111568034000"
"069960","현대백화점","KOSPI","유통","79800","-4700","-5.56","1805779277400"
"004560","현대비앤지스틸","KOSPI","금속","15110","-710","-4.49","227840834210"
"004310","현대약품","KOSPI","제약","8950","-210","-2.29","286400000000"
"017800","현대엘리베이터","KOSPI","기계·장비","85100","-2000","-2.30","3326761963500"
"307950","현대오토에버","KOSPI","IT 서비스","375500","-18500","-4.70","10297705241000"
"011210","현대위아","KOSPI","운송장비·부품","80000","-1700","-2.08","2175606640000"
"004020","현대제철","KOSPI","금속","34200","-800","-2.29","4563845847000"
"005440","현대지에프홀딩스","KOSPI","기타금융","14060","-300","-2.09","2192014472060"
"005380","현대차","KOSPI","운송장비·부품","469500","-25500","-5.15","96133771137000"
"005387","현대차2우B","KOSPI","운송장비·부품","246000","-11000","-4.28","8601126780000"
"005389","현대차3우B","KOSPI","운송장비·부품","235000","-10000","-4.08","546951220000"
"005385","현대차우","KOSPI","운송장비·부품","243500","-13500","-5.25","5683523760000"
"001500","현대차증권","KOSPI","증권","10370","-530","-4.86","641208666280"
"011760","현대코퍼레이션","KOSPI","유통","25400","-750","-2.87","336015736400"
"227840","현대코퍼레이션홀딩스","KOSPI","유통","12070","-180","-1.47","109847090520"
"126560","현대퓨처넷","KOSPI","통신","3335","0","0.00","367526821575"
"001450","현대해상","KOSPI","보험","31100","-350","-1.11","2780340000000"
"057050","현대홈쇼핑","KOSPI","유통","80900","-300","-0.37","970800000000"
"093240","형지엘리트","KOSPI","섬유·의류","991","-3","-0.30","60837746669"
"003010","혜인","KOSPI","유통","5430","-20","-0.37","69030216210"
"111110","호전실업","KOSPI","섬유·의류","7300","-200","-2.67","68444800000"
"008770","호텔신라","KOSPI","유통","45050","-2400","-5.06","1768127851050"
"008775","호텔신라우","KOSPI","유통","34950","-1750","-4.77","26278171050"
"378850","화승알앤에이","KOSPI","운송장비·부품","3355","-220","-6.15","63723605165"
"241590","화승엔터프라이즈","KOSPI","섬유·의류","4525","-90","-1.95","274166473900"
"006060","화승인더","KOSPI","유통","3175","-50","-1.55","175641000000"
"013520","화승코퍼레이션","KOSPI","운송장비·부품","2700","-55","-2.00","135138380400"
"010690","화신","KOSPI","운송장비·부품","10800","-410","-3.66","377140428000"
"133820","화인베스틸","KOSPI","금속","1183","-29","-2.39","43906455866"
"010660","화천기계","KOSPI","기계·장비","6200","330","5.62","136400000000"
"000850","화천기공","KOSPI","기계·장비","36350","-500","-1.36","79970000000"
"016580","환인제약","KOSPI","제약","10420","-30","-0.29","193812729400"
"032560","황금에스티","KOSPI","금속","5810","-160","-2.68","98770000000"
"004800","효성","KOSPI","기타금융","133200","-6400","-4.58","2229822212400"
"094280","효성ITX","KOSPI","일반서비스","12260","-280","-2.23","141703532000"
"298040","효성중공업","KOSPI","전기·전자","2503000","-173000","-6.46","23339343644000"
"298020","효성티앤씨","KOSPI","화학","379500","-22000","-5.48","1642355319000"
"298000","효성화학","KOSPI","화학","38900","0","0.00","147501447900"
"093370","후성","KOSPI","화학","7120","-250","-3.39","763657949600"
"005870","휴니드","KOSPI","전기·전자","8280","-350","-4.06","116880604200"
"079980","휴비스","KOSPI","화학","2795","20","0.72","96427500000"
"005010","휴스틸","KOSPI","금속","5460","220","4.20","306786889500"
"000540","흥국화재","KOSPI","보험","4400","-95","-2.11","282667638000"
"000545","흥국화재우","KOSPI","보험","6890","-10","-0.14","5291520000"
"003280","흥아해운","KOSPI","운송·창고","3065","115","3.90","736902315435"